{"cameraMode":{"drawMode":0,"name":"Shaded","section":"Shading Mode"},"sceneLighting":true,"audioPlay":false,"sceneViewState":{"showFog":true,"showMaterialUpdate":false,"showSkybox":true,"showFlares":true,"showImageEffects":true,"showParticleSystems":true},"in2DMode":false,"pivot":{"x":5.681306838989258,"y":12.334525108337403,"z":-40.25465393066406},"rotation":{"x":0.21724814176559449,"y":-0.0073208920657634739,"z":0.0016298458212986589,"w":0.9760909080505371},"size":10.578653335571289,"orthographic":false}